image_name,url
1wrfd_1,https://watermark.myofferday.online/images/1wrfd/1wrfd_1.jpg
1wrfd_2,https://watermark.myofferday.online/images/1wrfd/1wrfd_2.jpg
1wrfd_3,https://watermark.myofferday.online/images/1wrfd/1wrfd_3.jpg
1wrfd_4,https://watermark.myofferday.online/images/1wrfd/1wrfd_4.jpg
1wrfd_5,https://watermark.myofferday.online/images/1wrfd/1wrfd_5.jpg
1wrfd_6,https://watermark.myofferday.online/images/1wrfd/1wrfd_6.jpg
1wrfd_7,https://watermark.myofferday.online/images/1wrfd/1wrfd_7.jpg
1wrfd_8,https://watermark.myofferday.online/images/1wrfd/1wrfd_8.jpg
1wrfd_9,https://watermark.myofferday.online/images/1wrfd/1wrfd_9.jpg
1wrfd_10,https://watermark.myofferday.online/images/1wrfd/1wrfd_10.jpg
1wrfd_11,https://watermark.myofferday.online/images/1wrfd/1wrfd_11.jpg
1wrfd_12,https://watermark.myofferday.online/images/1wrfd/1wrfd_12.jpg
1wrfd_13,https://watermark.myofferday.online/images/1wrfd/1wrfd_13.jpg
1wrfd_14,https://watermark.myofferday.online/images/1wrfd/1wrfd_14.jpg
1wrfd_15,https://watermark.myofferday.online/images/1wrfd/1wrfd_15.jpg
1wrfd_16,https://watermark.myofferday.online/images/1wrfd/1wrfd_16.jpg
1wrfd_17,https://watermark.myofferday.online/images/1wrfd/1wrfd_17.jpg
1wrfd_18,https://watermark.myofferday.online/images/1wrfd/1wrfd_18.jpg
1wrfd_19,https://watermark.myofferday.online/images/1wrfd/1wrfd_19.jpg
1wrfd_20,https://watermark.myofferday.online/images/1wrfd/1wrfd_20.jpg
1wrfd_21,https://watermark.myofferday.online/images/1wrfd/1wrfd_21.jpg
1wrfd_22,https://watermark.myofferday.online/images/1wrfd/1wrfd_22.jpg
1wrfd_23,https://watermark.myofferday.online/images/1wrfd/1wrfd_23.jpg
1wrfd_24,https://watermark.myofferday.online/images/1wrfd/1wrfd_24.jpg
1wrfd_25,https://watermark.myofferday.online/images/1wrfd/1wrfd_25.jpg
1wrfd_26,https://watermark.myofferday.online/images/1wrfd/1wrfd_26.jpg
1wrfd_27,https://watermark.myofferday.online/images/1wrfd/1wrfd_27.jpg
1wrfd_28,https://watermark.myofferday.online/images/1wrfd/1wrfd_28.jpg
1wrfd_29,https://watermark.myofferday.online/images/1wrfd/1wrfd_29.jpg
1wrfd_30,https://watermark.myofferday.online/images/1wrfd/1wrfd_30.jpg
1wrfd_31,https://watermark.myofferday.online/images/1wrfd/1wrfd_31.jpg
1wrfd_32,https://watermark.myofferday.online/images/1wrfd/1wrfd_32.jpg
1wrfd_33,https://watermark.myofferday.online/images/1wrfd/1wrfd_33.jpg
1wrfd_34,https://watermark.myofferday.online/images/1wrfd/1wrfd_34.jpg
1wrfd_35,https://watermark.myofferday.online/images/1wrfd/1wrfd_35.jpg
1wrfd_36,https://watermark.myofferday.online/images/1wrfd/1wrfd_36.jpg
1wrfd_37,https://watermark.myofferday.online/images/1wrfd/1wrfd_37.jpg
1wrfd_38,https://watermark.myofferday.online/images/1wrfd/1wrfd_38.jpg
1wrfd_39,https://watermark.myofferday.online/images/1wrfd/1wrfd_39.jpg
1wrfd_40,https://watermark.myofferday.online/images/1wrfd/1wrfd_40.jpg
1wrfd_41,https://watermark.myofferday.online/images/1wrfd/1wrfd_41.jpg
1wrfd_42,https://watermark.myofferday.online/images/1wrfd/1wrfd_42.jpg
1wrfd_43,https://watermark.myofferday.online/images/1wrfd/1wrfd_43.jpg
1wrfd_44,https://watermark.myofferday.online/images/1wrfd/1wrfd_44.jpg
1wrfd_45,https://watermark.myofferday.online/images/1wrfd/1wrfd_45.jpg
1wrfd_46,https://watermark.myofferday.online/images/1wrfd/1wrfd_46.jpg
1wrfd_47,https://watermark.myofferday.online/images/1wrfd/1wrfd_47.jpg
1wrfd_48,https://watermark.myofferday.online/images/1wrfd/1wrfd_48.jpg
1wrfd_49,https://watermark.myofferday.online/images/1wrfd/1wrfd_49.jpg
1wrfd_50,https://watermark.myofferday.online/images/1wrfd/1wrfd_50.jpg
1wrfd_51,https://watermark.myofferday.online/images/1wrfd/1wrfd_51.jpg
1wrfd_52,https://watermark.myofferday.online/images/1wrfd/1wrfd_52.jpg
1wrfd_53,https://watermark.myofferday.online/images/1wrfd/1wrfd_53.jpg
1wrfd_54,https://watermark.myofferday.online/images/1wrfd/1wrfd_54.jpg
1wrfd_55,https://watermark.myofferday.online/images/1wrfd/1wrfd_55.jpg
1wrfd_56,https://watermark.myofferday.online/images/1wrfd/1wrfd_56.jpg
1wrfd_57,https://watermark.myofferday.online/images/1wrfd/1wrfd_57.jpg
1wrfd_58,https://watermark.myofferday.online/images/1wrfd/1wrfd_58.jpg
1wrfd_59,https://watermark.myofferday.online/images/1wrfd/1wrfd_59.jpg
1wrfd_60,https://watermark.myofferday.online/images/1wrfd/1wrfd_60.jpg
1wrfd_61,https://watermark.myofferday.online/images/1wrfd/1wrfd_61.jpg
1wrfd_62,https://watermark.myofferday.online/images/1wrfd/1wrfd_62.jpg
1wrfd_63,https://watermark.myofferday.online/images/1wrfd/1wrfd_63.jpg
1wrfd_64,https://watermark.myofferday.online/images/1wrfd/1wrfd_64.jpg
1wrfd_65,https://watermark.myofferday.online/images/1wrfd/1wrfd_65.jpg
1wrfd_66,https://watermark.myofferday.online/images/1wrfd/1wrfd_66.jpg
1wrfd_67,https://watermark.myofferday.online/images/1wrfd/1wrfd_67.jpg
1wrfd_68,https://watermark.myofferday.online/images/1wrfd/1wrfd_68.jpg
1wrfd_69,https://watermark.myofferday.online/images/1wrfd/1wrfd_69.jpg
1wrfd_70,https://watermark.myofferday.online/images/1wrfd/1wrfd_70.jpg
1wrfd_71,https://watermark.myofferday.online/images/1wrfd/1wrfd_71.jpg
1wrfd_72,https://watermark.myofferday.online/images/1wrfd/1wrfd_72.jpg
1wrfd_73,https://watermark.myofferday.online/images/1wrfd/1wrfd_73.jpg
1wrfd_74,https://watermark.myofferday.online/images/1wrfd/1wrfd_74.jpg
1wrfd_75,https://watermark.myofferday.online/images/1wrfd/1wrfd_75.jpg
1wrfd_76,https://watermark.myofferday.online/images/1wrfd/1wrfd_76.jpg
1wrfd_77,https://watermark.myofferday.online/images/1wrfd/1wrfd_77.jpg
1wrfd_78,https://watermark.myofferday.online/images/1wrfd/1wrfd_78.jpg
1wrfd_79,https://watermark.myofferday.online/images/1wrfd/1wrfd_79.jpg
1wrfd_80,https://watermark.myofferday.online/images/1wrfd/1wrfd_80.jpg
1wrfd_81,https://watermark.myofferday.online/images/1wrfd/1wrfd_81.jpg
1wrfd_82,https://watermark.myofferday.online/images/1wrfd/1wrfd_82.jpg
1wrfd_83,https://watermark.myofferday.online/images/1wrfd/1wrfd_83.jpg
1wrfd_84,https://watermark.myofferday.online/images/1wrfd/1wrfd_84.jpg
1wrfd_85,https://watermark.myofferday.online/images/1wrfd/1wrfd_85.jpg
1wrfd_86,https://watermark.myofferday.online/images/1wrfd/1wrfd_86.jpg
1wrfd_87,https://watermark.myofferday.online/images/1wrfd/1wrfd_87.jpg
1wrfd_88,https://watermark.myofferday.online/images/1wrfd/1wrfd_88.jpg
1wrfd_89,https://watermark.myofferday.online/images/1wrfd/1wrfd_89.jpg
1wrfd_90,https://watermark.myofferday.online/images/1wrfd/1wrfd_90.jpg
1wrfd_91,https://watermark.myofferday.online/images/1wrfd/1wrfd_91.jpg
1wrfd_92,https://watermark.myofferday.online/images/1wrfd/1wrfd_92.jpg
1wrfd_93,https://watermark.myofferday.online/images/1wrfd/1wrfd_93.jpg
1wrfd_94,https://watermark.myofferday.online/images/1wrfd/1wrfd_94.jpg
1wrfd_95,https://watermark.myofferday.online/images/1wrfd/1wrfd_95.jpg
1wrfd_96,https://watermark.myofferday.online/images/1wrfd/1wrfd_96.jpg
1wrfd_97,https://watermark.myofferday.online/images/1wrfd/1wrfd_97.jpg
1wrfd_98,https://watermark.myofferday.online/images/1wrfd/1wrfd_98.jpg
1wrfd_99,https://watermark.myofferday.online/images/1wrfd/1wrfd_99.jpg
1wrfd_100,https://watermark.myofferday.online/images/1wrfd/1wrfd_100.jpg
